"LANGUAGE","Español","Language name (in native language).  This means the NAME OF THE LANGUAGE BEING TRANSLATED INTO, and should NOT be a translation of the word 'English'"
"DISABLED","Desactivado",""
"LOW","Baja",""
"MID","Medio",""
"HIGH","Alto",""
"K45_TLM_DETECTED","Se detecta una versión anterior de Transport Lines Manager de Klyte45. Considere actualizar a la versión de t1a2 para soporte completo de características.",""
"SETTINGS_ISSUE_DETECTED","Tu configuración parece tener problemas que pueden afectar tu experiencia.",""
"SETTINGS_ISSUE_DETECTED_QUICKFIX","Corrección rápida",""
"WHATSNEW_L1","Este mensaje es solo para informarle que el mod se ha actualizado.",""
"WHATSNEW_L2","Para obtener una lista detallada de los cambios, consulte Steam Workshop o GitHub.",""
"WHATSNEW_L3","¡Gracias por su uso y apoyo!",""
"ERROR","¡Ups! Algo salió mal:",""
"ERROR_COPY","Copiar",""
"ERROR_SUPPORT","Asistencia",""
"MODDESCRIPTION","Ve tu ciudad desde una perspectiva diferente","Mod's Description"
"SETTINGS_GROUPNAME_GENERAL","Opciones Generales",""
"SETTINGS_GROUPNAME_CAM","Opciones de Cámara",""
"SETTINGS_GROUPNAME_CAMCONTROL","Controles de Cámara",""
"SETTINGS_GROUPNAME_FREECAM","Opciones de modo de cámara libre",""
"SETTINGS_GROUPNAME_FOLLOW","Opciones de Modo Seguir",""
"SETTINGS_GROUPNAME_WALKTHRU","Opciones de Modo Caminata",""
"SETTINGS_GROUPNAME_KEYMAP","Asignación de teclas",""
"SETTINGS_GROUPNAME_SMOOTHTRANS","Opciones de transición suave",""
"SETTINGS_GROUPNAME_OPT","Opciones de optimización",""
"SETTINGS_GROUPNAME_INFOPANEL","Opciones del panel de información",""
"SETTINGS_RESETBTN","Restablecer ajustes del Mod",""
"SETTINGS_RESETOFFSETBTN","Restablecer ajustes de tipo",""
"SETTINGS_IMPORT","Importar ajustes de v2",""
"SETTINGS_IMPORTCONFIRM","¿Confirma importar los ajustes de First Person Camera v2 (incluyendo los ajustes de mod y tipo)? Sobrescribirá los ajustes de mod existentes y fusionará los ajustes de tipo importados con los existentes.",""
"SETTINGS_IMPORTSUCCESSED","La configuración se ha importado correctamente.",""
"SETTINGS_OPENWIKI","Abrir Wiki",""
"SETTINGS_HIDEUI","Ocultar IU del juego",""
"SETTINGS_SETBACKCAMERA","Restablecer cámara después de desactivar",""
"SETTINGS_SETBACKCAMERA_DETAIL","Al desactivar la cámara FPS, restablecerla a su posición original",""
"SETTINGS_SHOWINFOPANEL","Mostrar panel de información por defecto",""
"SETTINGS_INFOPANELHEIGHTSCALE","Factor de escala de la altura del panel de información",""
"SETTINGS_SPEEDUNIT","Unidad de velocidad",""
"SETTINGS_SHOWSTATUS","Mostrar información de estado",""
"SETTINGS_SHOWELAPSEDTIME","Mostrar tiempo transcurrido",""
"SETTINGS_SHOWELAPSEDSIMTIME","Mostrar tiempo de simulación transcurrido",""
"SETTINGS_SHOWINGAMECLOCK","Mostrar reloj del juego",""
"SETTINGS_SHOWREALLIFECLOCK","Mostrar reloj de hora real",""
"SETTINGS_SHOWSLOPE","Mostrar pendiente",""
"SETTINGS_SHOWPASSEREXCHANGEINFO","Mostrar intercambio de pasajeros",""
"SETTINGS_SHOWPASSEREXCHANGEINFO_DETAIL","Muestra cuántos pasajeros bajaron y subieron en la parada al seguir un vehículo de transporte público.",""
"SETTINGS_FADE","Activar animaciones de fundido de los paneles",""
"SETTINGS_MAXPITSHDEG","Ángulo de visión vertical máximo",""
"SETTINGS_MAXPITSHDEG_DETAIL","Grado máximo de rotación de la cámara hacia arriba y hacia abajo.",""
"SETTINGS_ENABLEDOF","Aplicar efecto de profundidad del campo",""
"SETTINGS_MOVEMENTSPEED","Velocidad de movimiento",""
"SETTINGS_SPEEDUPFACTOR","Factor acelerador para movimiento/desplazamiento",""
"SETTINGS_INVERTROTATEHORIZONTAL","Invertir rotación horizontal",""
"SETTINGS_INVERTROTATEVERTICAL","Invertir rotación vertical",""
"SETTINGS_ROTATESENSITIVITY","Sensibilidad a la rotación de la cámara",""
"SETTINGS_ROTATEKEYFACTOR","Velocidad de rotación mediante teclas",""
"SETTINGS_FIELDOFVIEW","Campo de visión de la cámara",""
"SETTINGS_PATHS_DETECTION","Colisión por caminos peatonales",""
"SETTINGS_TRACKS_DETECTION","Colisión por vías",""
"SETTINGS_DETECTIONS_DETAIL","Desactivarlo si no funciona bien con algunos assets",""
"SETTINGS_SHOWCURSORFREE","Mostrar cursor en modo Cámara Libre",""
"SETTINGS_GROUNDCLIPING","Opción de recorte del suelo",""
"SETTINGS_GROUNDCLIPING_DETAIL","Para el modo de cámara libre:
-[Ninguno] movimiento libre
-[Sobre el suelo] la cámara siempre está sobre el suelo
-[Pegar al suelo] la cámara se adhiere al suelo
-[Sobre la carretera] la cámara siempre está sobre la carretera más cercana
-[Pegar a la carretera] la cámara se adhiere a la carretera o suelo más cercano",""
"SETTINGS_GROUNDCLIPING_NONE","Ninguno",""
"SETTINGS_GROUNDCLIPING_ABOVE_GROUND","Sobre el suelo",""
"SETTINGS_GROUNDCLIPING_SNAP_TO_GROUND","Ajustar al suelo",""
"SETTINGS_GROUNDCLIPING_ABOVE_ROAD","Sobre el camino",""
"SETTINGS_GROUNDCLIPING_SNAP_TO_ROAD","Ajustar al camino",""
"SETTINGS_GROUNDLEVELOFFSET","Desplazamiento del nivel del suelo",""
"SETTINGS_GROUNDLEVELOFFFSET_DETAIL","Desplazamiento vertical para el nivel del suelo de la opción de recorte del suelo",""
"SETTINGS_ROADLEVELOFFSET","Desplazamiento del nivel de carretera",""
"SETTINGS_ROADLEVELOFFSET_DETAIL","Desplazamiento vertical para el nivel de carretera para la opción de recorte del suelo",""
"SETTINGS_TARGETSTOFOLLOW","Objetivos a seguir:",""
"SETTINGS_SHOWCURSORFOLLOW","Mostrar cursor en modo Seguir/Recorrido",""
"SETTINGS_STICKTOFRONTVEHICLE","Seguir siempre al vehículo delantero",""
"SETTINGS_OFFSETMOVEMENTSPEED","Velocidad de movimiento de desplazamiento",""
"SETTINGS_FOLLOWCAMOFFSET","Desplazamiento universal de cámara en modo Seguir",""
"SETTINGS_VEHICLEFIXEDOFFERT","Desplazamiento fijo de cámara para vehículo",""
"SETTINGS_MIDVEHFIXEDOFFSET","Desplazamiento fijo de cámara para vehículo en el centro",""
"SETTINGS_PEDSTRIANFIXEDOFFSET","Desplazamiento fijo de cámara para peatón",""
"SETTINGS_PERIODWALK","Período para cada objetivo aleatorio",""
"SETTINGS_MANUALSWITCHWALK","Cambio manual de objetivo (Clic Secundario)",""
"SETTINGS_MANUALSWITCHWALK_DETAIL","Utilice el clic secundario del ratón para cambiar los objetivos de seguimiento en su lugar.",""
"SETTINGS_SELECTPEDESTRIAN","Peatones caminando",""
"SETTINGS_SELECTPASSENGER","Peatones en transporte público",""
"SETTINGS_SELECTWAITING","Peatones esperando transporte público",""
"SETTINGS_SELECTDRIVING","Ciudadanos conduciendo/viajando",""
"SETTINGS_SELECTPUBLICTRANSIT","Vehículos de transporte público",""
"SETTINGS_SELECTSERVICE","Vehículos de servicio",""
"SETTINGS_SELECTCARGO","Vehículos de carga",""
"SETTINGS_SELECTOUTSIDE","Objetivos fuera del límite",""
"SETTINGS_KEYCAMTOGGLE","Modo cámara libre",""
"SETTINGS_KEYWALKTHRUTOGGLE","Modo Recorrido",""
"SETTINGS_KEYTOGGLE_DETAIL","Cambiar a este modo al presionar. Si ya está activo, deshabilitará la Cámara FPS",""
"SETTINGS_KEYFOLLOWTOGGLE","Modo Seguir: Alternar Vanilla/Mod",""
"SETTINGS_KEYFOLLOWTOGGLE_DETAIL","Alternar entre la vista de seguimiento vanilla y el modo de seguimiento del mod",""
"SETTINGS_KEYINFOPANELTOGGLE","Alternar panel de información",""
"SETTINGS_KEYSPPEDUP","Acelerar movimiento/desplazamiento",""
"SETTINGS_KEYCAMRESET","Restablecer desplazamiento y rotación de cámara",""
"SETTINGS_KEYCURSORTOGGLE","Alternar visibilidad del cursor",""
"SETTINGS_KEYAUTOMOVE","Alternar movimiento automático en modo cámara libre",""
"SETTINGS_KEYAUTOMOVE_DETAIL","La cámara se mueve hacia adelante automáticamente cuando está activado.",""
"SETTINGS_KEYSAVEFOFFSET","Guardar ajuste de tipo",""
"SETTINGS_KEYSAVEFOFFSET_DETAIL","En modo Seguir/Recorrido, guardar los ajustes actuales de desplazamiento y rotación de cámara
como el ajuste de tipo para el objetivo seguido",""
"SETTINGS_KEYMOVEFORWARD","Mover/Desplazar hacia adelante",""
"SETTINGS_KEYMOVEBACKWARD","Mover/Desplazar hacia atrás",""
"SETTINGS_KEYMOVELEFT","Mover/Desplazar hacia la izquierda",""
"SETTINGS_KEYMOVERIFHT","Mover/Desplazar hacia la derecha",""
"SETTINGS_KEYMOVEUP","Mover/Desplazar hacia arriba",""
"SETTINGS_KEYMOVEDOWN","Mover/Desplazar hacia abajo",""
"SETTINGS_KEYROTATELEFT","Rotar/Mirar hacia la izquierda",""
"SETTINGS_KEYROTATERIGHT","Rotar/Mirar hacia la derecha",""
"SETTINGS_KEYROTATEUP","Rotar/Mirar hacia arriba",""
"SETTINGS_KEYROTATEDOWN","Rotar/Mirar hacia abajo",""
"SETTINGS_KEYUUITOGGLE","Alternar panel principal (requiere mod UUI)",""
"SETTINGS_SMOOTRANSITION","Aplicar transición suave",""
"SETTINGS_SMOOTRANSITION_DETAIL","Cuando la cámara se mueve, rota o hace zoom, la transición puede ser suave o instantánea.
Habilitar la opción podría hacer que la cámara parezca con retraso.",""
"SETTINGS_TRANSSPEED","Tasa de transición suave",""
"SETTINGS_MINTRANSDISTANCE","Distancia mínima para transición suave",""
"SETTINGS_MINTRANSDISTANCE_DETAIL","En modo Seguir, la cámara necesita moverse instantáneamente con el objetivo incluso cuando la transición suave está habilitada.
Esto establece la distancia mínima para comenzar a aplicar la transición suave.",""
"SETTINGS_MAXTRANSDISTANCE","Distancia máxima para transición suave",""
"SETTINGS_MAXTRANSDISTANCE_DETAIL","Cuando la posición objetivo de la cámara está demasiado lejos, la transición suave tarda demasiado.
Este número establece la distancia para abandonar la transición.",""
"SETTINGS_CAMNEARCLIPPLANE","Plano de recorte cercano de la cámara",""
"SETTINGS_FOVIEWSCROLLFACTOR","Factor de escala del campo de visión al desplazar",""
"SETTINGS_FOVIEWSCROLLFACTOR_DETAIL","Ajustar la velocidad del zoom con la rueda de desplazamiento en la Cámara FPS",""
"SETTINGS_LODOPT","Nivel de optimización de LOD",""
"SETTINGS_LODOPT_DETAIL","Cuando la Cámara FPS está habilitada:
-[Deshabilitado] Deshabilitar optimización LOD
-[Bajo] Optimizar distancias LOD solo para ciudadanos, vehículos, árboles y carreteras distantes
-[Medio] Optimizar aún más accesorios y edificios distantes basándose en el nivel anterior
-[Alto] Reducir aún más las distancias LOD basándose en el nivel anterior",""
"SETTINGS_SHADOWSOPT","Aplicar optimización de distancia de sombras",""
"SETTINGS_SHADOWSOPT_DETAIL","Cuando la Cámara FPS está habilitada, realizar ajuste de distancia de sombras.",""
"VEHICLE_AITYPE_BUS","Autobús",""
"VEHICLE_AITYPE_TRAM","Tranvía",""
"VEHICLE_AITYPE_METRO","Metro",""
"VEHICLE_AITYPE_TRAIN","Tren",""
"VEHICLE_AITYPE_FLIGHT","Vuelo",""
"VEHICLE_AITYPE_BLIMP","Dirigible",""
"VEHICLE_AITYPE_GONDOLA","Góndola",""
"VEHICLE_AITYPE_TROLLEYBUS","Trolebús",""
"VEHICLE_AITYPE_FERRY","Transbordador",""
"VEHICLE_AITYPE_SHIP","Barco",""
"VEHICLE_AITYPE_HELICOPTER","Helicóptero",""
"VEHICLE_AITYPE_MEDICAL","Médico",""
"VEHICLE_AITYPE_DISASTERRESPONSE","Respuesta de desastres",""
"VEHICLE_AITYPE_FIREFIGHTING","Bomberos",""
"VEHICLE_AITYPE_POLICE","Policía",""
"VEHICLE_AITYPE_GARBAGE","Residuos",""
"VEHICLE_AITYPE_DEATHCARE","Servicios fúnebres",""
"VEHICLE_AITYPE_MAINTENANCE","Mantenimiento",""
"VEHICLE_AITYPE_POSTAL","Correo",""
"VEHICLE_AITYPE_SNOWPLOWING","Quita nieve",""
"VEHICLE_AITYPE_WATERPUMPING","Bomba de agua",""
"VEHICLE_AITYPE_BANK","Banco",""
"VEHICLE_AITYPE_TAXI","Taxi",""
"UNKNOWN","(Desconocido)",""
"INVALID","(Inválido)",""
"INFO_HUMAN_OCCUPATION","Ocupación",""
"INFO_HUMAN_HOME","Casa",""
"INFO_HUMAN_HOMELESS","(Sin hogar)",""
"INFO_HUMAN_HOTEL","Hotel",""
"INFO_VEHICLE_OWNER","Propietario",""
"INFO_VEHICLE_LOAD","Carga",""
"INFO_VEHICLE_WORKSHIFT","Turno de trabajo",""
"INFO_VEHICLE_PUBLICTRANSIT_TRANSIT","Tránsito",""
"INFO_VEHICLE_PUBLICTRANSIT_IRREGULAR","(Irregular)",""
"INFO_VEHICLE_PUBLICTRANSIT_PASSENGER","Pasajero",""
"INFO_VEHICLE_PUBLICTRANSIT_NEXTSTATIION","Próxima estación",""
"INFO_VEHICLE_PUBLICTRANSIT_NEXTSTOP","Próxima parada",""
"INFO_VEHICLE_SERVICE","Servicio",""
"INFO_DISTRICT","Distrito",""
"INFO_DLCDISTRICT_PARK","Parque",""
"INFO_DLCDISTRICT_INDUSTRY","Zona Industrial",""
"INFO_DLCDISTRICT_CAMPUS","Zona del Campus",""
"INFO_DLCDISTRICT_AIRPORT","Zona aeroportuaria",""
"INFO_DLCDISTRICT_PEDZONE","Zona peatonal",""
"INFO_ROAD","Carretera",""
"INFO_VSTATUS","Estado del vehículo",""
"INFO_TIME","Hora: ",""
"INFO_SLOPE","Pendiente: ",""
"INFO_NAME","Nombre",""
"INFO_STATUS","Estado",""
"INFO_FOLLOW","Modo Seguir",""
"INFO_OFFSETSAVED","Ajuste de tipo guardado para ""{0}""",""
"INFO_RACE_EVENTROUTE","Ruta del evento",""
"INFO_RACE_DRIVER","Conductor",""
"INFO_RACE_TEAM","Equipo",""
"INFO_RACE_POS","Posición",""
"INFO_RACE_PROGRESS","Progreso",""
"INFO_ACMEPOSSAVED","Se ha guardado la posición actual en la ranura ACME {0}",""
"FOLLOWBTN_TOOLTIP","Iniciar modo Seguir",""
"WALKTHRUBTN_TEXT","Iniciar Recorrido",""
"ALLSETTINGSBTN_TEXT","Todos los ajustes",""
"MAINPANELBTN_TOOLTIP","FPS Camera","That is the localized short name of this mod."
