"LANGUAGE","Français","Language name (in native language).  This means the NAME OF THE LANGUAGE BEING TRANSLATED INTO, and should NOT be a translation of the word 'English'"
"DISABLED","Désactivé",""
"LOW","Faible",""
"MID","Moyen",""
"HIGH","Élevé",""
"K45_TLM_DETECTED","Une ancienne version de Transport Lines Manager par Klyte45 est détectée. Pensez à mettre à jour vers la version de t1a2l pour une prise en charge complète des fonctionnalités.",""
"SETTINGS_ISSUE_DETECTED","Vos paramètres semblent présenter des problèmes pouvant affecter votre expérience.",""
"SETTINGS_ISSUE_DETECTED_QUICKFIX","Correction rapide",""
"WHATSNEW_L1","Ce message est juste pour vous informer que le mod a été mis à jour.",""
"WHATSNEW_L2","Pour une liste détaillée des changements, veuillez visiter l'Atelier Steam ou GitHub.",""
"WHATSNEW_L3","Merci pour votre utilisation et votre soutien !",""
"ERROR","Oups ! Une erreur s'est produite :",""
"ERROR_COPY","Copier",""
"ERROR_SUPPORT","Support",""
"MODDESCRIPTION","Observez votre ville sous un angle différent","Mod's Description"
"SETTINGS_GROUPNAME_GENERAL","Options générales",""
"SETTINGS_GROUPNAME_CAM","Options de la caméra",""
"SETTINGS_GROUPNAME_CAMCONTROL","Contrôles de la caméra",""
"SETTINGS_GROUPNAME_FREECAM","Options du mode Caméra libre",""
"SETTINGS_GROUPNAME_FOLLOW","Options du mode Suivi",""
"SETTINGS_GROUPNAME_WALKTHRU","Options du mode Parcours",""
"SETTINGS_GROUPNAME_KEYMAP","Mappage des touches",""
"SETTINGS_GROUPNAME_SMOOTHTRANS","Options de transition fluide",""
"SETTINGS_GROUPNAME_OPT","Options d'optimisation",""
"SETTINGS_RESETBTN","Réinitialiser les paramètres du mod",""
"SETTINGS_RESETOFFSETBTN","Réinitialiser les paramètres de type",""
"SETTINGS_IMPORT","Importer les paramètres v2",""
"SETTINGS_IMPORTCONFIRM","Confirmez-vous l'importation des paramètres de First Person Camera v2 (incluant les paramètres du mod et les paramètres de type) ? Cela écrasera les paramètres actuels du mod et fusionnera les paramètres de type importés avec ceux existants.",""
"SETTINGS_IMPORTSUCCESSED","Vos paramètres ont été importés avec succès.",""
"SETTINGS_OPENWIKI","Ouvrir le Wiki",""
"SETTINGS_HIDEUI","Masquer l'interface du jeu",""
"SETTINGS_SETBACKCAMERA","Réinitialiser la caméra après désactivation",""
"SETTINGS_SETBACKCAMERA_DETAIL","Lors de la désactivation de la caméra FPS, la remettre à sa position d'origine",""
"SETTINGS_SHOWINFOPANEL","Afficher le panneau d'information par défaut",""
"SETTINGS_INFOPANELHEIGHTSCALE","Facteur d'échelle de la hauteur du panneau d'information",""
"SETTINGS_SPEEDUNIT","Unité de vitesse",""
"SETTINGS_FADE","Activer l'animation de fondu du panneau principal",""
"SETTINGS_MAXPITSHDEG","Angle de vision vertical maximal",""
"SETTINGS_MAXPITSHDEG_DETAIL","L'angle maximal pour tourner la caméra de haut en bas.",""
"SETTINGS_ENABLEDOF","Appliquer l'effet de profondeur de champ",""
"SETTINGS_MOVEMENTSPEED","Vitesse de déplacement",""
"SETTINGS_SPEEDUPFACTOR","Facteur d'accélération pour le déplacement/décalage",""
"SETTINGS_INVERTROTATEHORIZONTAL","Inverser la rotation horizontale",""
"SETTINGS_INVERTROTATEVERTICAL","Inverser la rotation verticale",""
"SETTINGS_ROTATESENSITIVITY","Sensibilité de rotation de la caméra",""
"SETTINGS_ROTATEKEYFACTOR","Vitesse de rotation avec les touches",""
"SETTINGS_FIELDOFVIEW","Champ de vision de la caméra",""
"SETTINGS_PATHS_DETECTION","Collision pour les chemins piétons",""
"SETTINGS_TRACKS_DETECTION","Collision pour les voies",""
"SETTINGS_DETECTIONS_DETAIL","Désactivez-la si elle ne fonctionne pas bien avec certains assets",""
"SETTINGS_SHOWCURSORFREE","Afficher le curseur en mode Caméra libre",""
"SETTINGS_GROUNDCLIPING","Option d'accrochage au sol",""
"SETTINGS_GROUNDCLIPING_DETAIL","Pour le mode Caméra libre :
-[Aucun] déplacement libre
-[Au-dessus du sol] la caméra reste toujours au-dessus du sol
-[Coller au sol] la caméra colle au sol
-[Au-dessus de la route] la caméra reste toujours au-dessus de la route la plus proche
-[Coller à la route] la caméra colle à la route la plus proche ou au sol",""
"SETTINGS_GROUNDCLIPING_NONE","Aucun",""
"SETTINGS_GROUNDCLIPING_ABOVE_GROUND","Au-dessus du sol",""
"SETTINGS_GROUNDCLIPING_SNAP_TO_GROUND","Coller au sol",""
"SETTINGS_GROUNDCLIPING_ABOVE_ROAD","Au-dessus de la route",""
"SETTINGS_GROUNDCLIPING_SNAP_TO_ROAD","Coller à la route",""
"SETTINGS_GROUNDLEVELOFFSET","Décalage du niveau du sol",""
"SETTINGS_GROUNDLEVELOFFFSET_DETAIL","Décalage vertical du niveau du sol pour l'option d'accrochage au sol",""
"SETTINGS_ROADLEVELOFFSET","Décalage du niveau de la route",""
"SETTINGS_ROADLEVELOFFSET_DETAIL","Décalage vertical du niveau de la route pour l'option d'accrochage au sol",""
"SETTINGS_TARGETSTOFOLLOW","Cibles à suivre :",""
"SETTINGS_SHOWCURSORFOLLOW","Afficher le curseur en mode Suivi/Parcours",""
"SETTINGS_STICKTOFRONTVEHICLE","Toujours suivre le véhicule avant",""
"SETTINGS_OFFSETMOVEMENTSPEED","Vitesse de déplacement du décalage",""
"SETTINGS_FOLLOWCAMOFFSET","Décalage universel de la caméra en mode Suivi",""
"SETTINGS_VEHICLEFIXEDOFFERT","Décalage fixe de la caméra pour les véhicules",""
"SETTINGS_MIDVEHFIXEDOFFSET","Décalage fixe de la caméra pour le milieu du véhicule",""
"SETTINGS_PEDSTRIANFIXEDOFFSET","Décalage fixe de la caméra pour les piétons",""
"SETTINGS_PERIODWALK","Période pour chaque cible aléatoire",""
"SETTINGS_MANUALSWITCHWALK","Changement manuel de cible (Clic secondaire)",""
"SETTINGS_MANUALSWITCHWALK_DETAIL","Utilisez le clic secondaire de la souris pour changer de cible de suivi à la place.",""
"SETTINGS_SELECTPEDESTRIAN","Piétons marchant",""
"SETTINGS_SELECTPASSENGER","Piétons dans les transports en commun",""
"SETTINGS_SELECTWAITING","Piétons attendant les transports en commun",""
"SETTINGS_SELECTDRIVING","Citoyens conduisant/se déplaçant",""
"SETTINGS_SELECTPUBLICTRANSIT","Véhicules de transport en commun",""
"SETTINGS_SELECTSERVICE","Véhicules de service",""
"SETTINGS_SELECTCARGO","Véhicules de fret",""
"SETTINGS_SELECTOUTSIDE","Cibles hors des limites",""
"SETTINGS_KEYCAMTOGGLE","Mode caméra libre",""
"SETTINGS_KEYWALKTHRUTOGGLE","Mode traversée à pied",""
"SETTINGS_KEYTOGGLE_DETAIL","Passez à ce mode lorsqu'il est pressé. Si déjà actif, désactive la caméra FPS.",""
"SETTINGS_KEYFOLLOWTOGGLE","Mode Suivi : Basculer Vanilla/Mod",""
"SETTINGS_KEYFOLLOWTOGGLE_DETAIL","Basculer entre la vue de suivi vanilla et le mode de suivi du mod",""
"SETTINGS_KEYINFOPANELTOGGLE","Basculer le panneau d'information",""
"SETTINGS_KEYSPPEDUP","Accélérer le déplacement/décalage",""
"SETTINGS_KEYCAMRESET","Réinitialiser le décalage et la rotation de la caméra",""
"SETTINGS_KEYCURSORTOGGLE","Basculer la visibilité du curseur",""
"SETTINGS_KEYAUTOMOVE","Basculer le déplacement automatique en mode caméra libre",""
"SETTINGS_KEYAUTOMOVE_DETAIL","La caméra avance automatiquement lorsque cette option est activée.",""
"SETTINGS_KEYSAVEFOFFSET","Enregistrer le paramètre de type",""
"SETTINGS_KEYSAVEFOFFSET_DETAIL","En mode Suivi/Traversée à pied, enregistre les paramètres actuels de décalage et de rotation de la caméra
comme paramètre de type pour la cible suivie",""
"SETTINGS_KEYMOVEFORWARD","Déplacer/Se décaler vers l'avant",""
"SETTINGS_KEYMOVEBACKWARD","Déplacer/Se décaler vers l'arrière",""
"SETTINGS_KEYMOVELEFT","Déplacer/Se décaler vers la gauche",""
"SETTINGS_KEYMOVERIFHT","Déplacer/Se décaler vers la droite",""
"SETTINGS_KEYMOVEUP","Déplacer/Se décaler vers le haut",""
"SETTINGS_KEYMOVEDOWN","Déplacer/Se décaler vers le bas",""
"SETTINGS_KEYROTATELEFT","Tourner/Regarder à gauche",""
"SETTINGS_KEYROTATERIGHT","Tourner/Regarder à droite",""
"SETTINGS_KEYROTATEUP","Tourner/Regarder vers le haut",""
"SETTINGS_KEYROTATEDOWN","Tourner/Regarder vers le bas",""
"SETTINGS_KEYUUITOGGLE","Basculer le panneau principal (nécessite le mod UUI)",""
"SETTINGS_SMOOTRANSITION","Appliquer une transition fluide",""
"SETTINGS_SMOOTRANSITION_DETAIL","Lorsque la caméra se déplace, tourne ou zoome, la transition peut être fluide ou instantanée.
Activer cette option peut donner l'impression que la caméra est en retard.",""
"SETTINGS_TRANSSPEED","Taux de transition fluide",""
"SETTINGS_MINTRANSDISTANCE","Distance minimale pour la transition fluide",""
"SETTINGS_MINTRANSDISTANCE_DETAIL","En mode Suivi, la caméra doit se déplacer instantanément avec la cible même lorsque la transition fluide est activée.
Ce paramètre définit la distance minimale pour commencer à appliquer la transition fluide.",""
"SETTINGS_MAXTRANSDISTANCE","Distance maximale pour la transition fluide",""
"SETTINGS_MAXTRANSDISTANCE_DETAIL","Lorsque la position cible de la caméra est trop éloignée, la transition fluide prend trop de temps.
Ce nombre définit la distance à laquelle abandonner la transition.",""
"SETTINGS_CAMNEARCLIPPLANE","Plan de coupe proche de la caméra",""
"SETTINGS_FOVIEWSCROLLFACTOR","Facteur d'échelle du champ de vision par défilement",""
"SETTINGS_FOVIEWSCROLLFACTOR_DETAIL","Ajuste la vitesse de zoom avec la molette dans la caméra FPS",""
"SETTINGS_LODOPT","Niveau d'optimisation LOD",""
"SETTINGS_LODOPT_DETAIL","Lorsque la caméra FPS est activée :
-[Désactivé] Désactive l'optimisation LOD
-[Faible] Optimise les distances LOD uniquement pour les citoyens, véhicules, arbres et routes éloignés
-[Moyen] Optimise davantage les accessoires et bâtiments éloignés par rapport au niveau précédent
-[Élevé] Réduit davantage les distances LOD par rapport au niveau précédent",""
"SETTINGS_SHADOWSOPT","Appliquer l'optimisation de distance des ombres",""
"SETTINGS_SHADOWSOPT_DETAIL","Lorsque la caméra FPS est activée, effectue un ajustement de la distance des ombres.",""
"VEHICLE_AITYPE_BUS","Bus",""
"VEHICLE_AITYPE_TRAM","Tramway",""
"VEHICLE_AITYPE_METRO","Métro",""
"VEHICLE_AITYPE_TRAIN","Train",""
"VEHICLE_AITYPE_FLIGHT","Avion",""
"VEHICLE_AITYPE_BLIMP","Dirigeable",""
"VEHICLE_AITYPE_GONDOLA","Télécabine",""
"VEHICLE_AITYPE_TROLLEYBUS","Trolleybus",""
"VEHICLE_AITYPE_FERRY","Ferry",""
"VEHICLE_AITYPE_SHIP","Navire",""
"VEHICLE_AITYPE_HELICOPTER","Hélicoptère",""
"VEHICLE_AITYPE_MEDICAL","Médical",""
"VEHICLE_AITYPE_DISASTERRESPONSE","Intervention en cas de catastrophe",""
"VEHICLE_AITYPE_FIREFIGHTING","Lutte contre l'incendie",""
"VEHICLE_AITYPE_POLICE","Police",""
"VEHICLE_AITYPE_GARBAGE","Déchets",""
"VEHICLE_AITYPE_DEATHCARE","Services funéraires",""
"VEHICLE_AITYPE_MAINTENANCE","Maintenance",""
"VEHICLE_AITYPE_POSTAL","Postal",""
"VEHICLE_AITYPE_SNOWPLOWING","Déneigement",""
"VEHICLE_AITYPE_WATERPUMPING","Pompage d'eau",""
"VEHICLE_AITYPE_BANK","Banque",""
"VEHICLE_AITYPE_TAXI","Taxi",""
"UNKNOWN","(Inconnu)",""
"INVALID","(Invalide)",""
"INFO_HUMAN_OCCUPATION","Profession",""
"INFO_HUMAN_HOME","Domicile",""
"INFO_HUMAN_HOMELESS","(Sans-abri)",""
"INFO_HUMAN_HOTEL","Hôtel",""
"INFO_VEHICLE_OWNER","Propriétaire",""
"INFO_VEHICLE_LOAD","Charge",""
"INFO_VEHICLE_WORKSHIFT","Poste de travail",""
"INFO_VEHICLE_PUBLICTRANSIT_TRANSIT","Ligne",""
"INFO_VEHICLE_PUBLICTRANSIT_IRREGULAR","(Irregular)",""
"INFO_VEHICLE_PUBLICTRANSIT_PASSENGER","Passager",""
"INFO_VEHICLE_PUBLICTRANSIT_NEXTSTATIION","Prochaine station",""
"INFO_VEHICLE_PUBLICTRANSIT_NEXTSTOP","Prochain arrêt",""
"INFO_VEHICLE_SERVICE","Service",""
"INFO_DISTRICT","District",""
"INFO_DLCDISTRICT_PARK","Parc",""
"INFO_DLCDISTRICT_INDUSTRY","Zone industrielle",""
"INFO_DLCDISTRICT_CAMPUS","Zone de campus",""
"INFO_DLCDISTRICT_AIRPORT","Zone aéroportuaire",""
"INFO_DLCDISTRICT_PEDZONE","Zone piétonne",""
"INFO_ROAD","Route",""
"INFO_VSTATUS","État du véhicule",""
"INFO_TIME","Heure : ",""
"INFO_NAME","Nom",""
"INFO_STATUS","État",""
"INFO_FOLLOW","Mode suivi",""
"INFO_OFFSETSAVED","Paramètre de type enregistré pour « {0} »",""
"INFO_RACE_EVENTROUTE","Parcours d'événement",""
"INFO_RACE_DRIVER","Pilote",""
"INFO_RACE_TEAM","Équipe",""
"INFO_RACE_POS","Position",""
"INFO_RACE_PROGRESS","Progression",""
"INFO_ACMEPOSSAVED","Position actuelle enregistrée dans l'emplacement ACME {0}",""
"FOLLOWBTN_TOOLTIP","Démarrer le mode suivi",""
"WALKTHRUBTN_TEXT","Démarrer la visite guidée",""
"ALLSETTINGSBTN_TEXT","Tous les paramètres",""
"MAINPANELBTN_TOOLTIP","Caméra FPS","That is the localized short name of this mod."
