"LANGUAGE","Italiano","Language name (in native language).  This means the NAME OF THE LANGUAGE BEING TRANSLATED INTO, and should NOT be a translation of the word 'English'"
"DISABLED","Disabilitato",""
"LOW","Basso",""
"MID","Medio",""
"HIGH","Alto",""
"K45_TLM_DETECTED","È stata rilevata una versione precedente di Transport Lines Manager di Klyte45. Si consiglia di aggiornare alla versione di t1a2l per il supporto completo delle funzionalità.",""
"SETTINGS_ISSUE_DETECTED","Le tue impostazioni sembrano presentare problemi che potrebbero influenzare la tua esperienza.",""
"SETTINGS_ISSUE_DETECTED_QUICKFIX","Riparazione rapida",""
"WHATSNEW_L1","Questo messaggio serve solo per informarti che la mod è stata aggiornata.",""
"WHATSNEW_L2","Per un elenco dettagliato delle modifiche, visita la Steam Workshop o GitHub.",""
"WHATSNEW_L3","Grazie per l'uso e il supporto!",""
"ERROR","Ops! Qualcosa è andato storto:",""
"ERROR_COPY","Copia",""
"ERROR_SUPPORT","Supporto",""
"MODDESCRIPTION","Guarda la tua città da una prospettiva diversa","Mod's Description"
"SETTINGS_GROUPNAME_GENERAL","Opzioni Generali",""
"SETTINGS_GROUPNAME_CAM","Opzioni Fotocamera",""
"SETTINGS_GROUPNAME_CAMCONTROL","Controlli Fotocamera",""
"SETTINGS_GROUPNAME_FREECAM","Opzioni Modalità Fotocamera Libera",""
"SETTINGS_GROUPNAME_FOLLOW","Opzioni Modalità Segui",""
"SETTINGS_GROUPNAME_WALKTHRU","Opzioni Modalità Passeggiata",""
"SETTINGS_GROUPNAME_KEYMAP","Assegnazioni Tasti",""
"SETTINGS_GROUPNAME_SMOOTHTRANS","Opzioni Transizione Morbida",""
"SETTINGS_GROUPNAME_OPT","Opzioni Ottimizzazione",""
"SETTINGS_GROUPNAME_INFOPANEL","Opzioni pannello informazioni",""
"SETTINGS_RESETBTN","Ripristina Impostazioni Mod",""
"SETTINGS_RESETOFFSETBTN","Ripristina Impostazioni Tipo",""
"SETTINGS_IMPORT","Importa impostazioni v2",""
"SETTINGS_IMPORTCONFIRM","Confermi di importare le impostazioni da First Person Camera v2 (incluse le impostazioni della mod e le impostazioni tipo)? Sovrascriverà le impostazioni della mod esistenti e unirà le impostazioni tipo importate con quelle esistenti.",""
"SETTINGS_IMPORTSUCCESSED","Le tue impostazioni sono state importate con successo.",""
"SETTINGS_OPENWIKI","Apri Wiki",""
"SETTINGS_HIDEUI","Nascondi UI di Gioco",""
"SETTINGS_SETBACKCAMERA","Ripristina fotocamera dopo la disattivazione",""
"SETTINGS_SETBACKCAMERA_DETAIL","Quando si disattiva la fotocamera FPS, la ripristina alla sua posizione originale",""
"SETTINGS_SHOWINFOPANEL","Mostra pannello informazioni per impostazione predefinita",""
"SETTINGS_INFOPANELHEIGHTSCALE","Fattore di scala dell'altezza del pannello informazioni",""
"SETTINGS_SPEEDUNIT","Unità di velocità",""
"SETTINGS_SHOWSTATUS","Mostra informazioni sullo stato",""
"SETTINGS_SHOWELAPSEDTIME","Mostra tempo trascorso",""
"SETTINGS_SHOWELAPSEDSIMTIME","Mostra il tempo di simulazione trascorso",""
"SETTINGS_SHOWINGAMECLOCK","Mostra orologio di gioco",""
"SETTINGS_SHOWREALLIFECLOCK","Mostra orologio reale",""
"SETTINGS_SHOWSLOPE","Mostra pendenza",""
"SETTINGS_SHOWPASSEREXCHANGEINFO","Mostra scambio passeggeri",""
"SETTINGS_SHOWPASSEREXCHANGEINFO_DETAIL","Mostra quanti passeggeri sono scesi e saliti alla fermata mentre segui un veicolo di trasporto pubblico.",""
"SETTINGS_FADE","Abilita le animazioni di dissolvenza dei pannelli",""
"SETTINGS_MAXPITSHDEG","Angolo di visuale verticale massimo",""
"SETTINGS_MAXPITSHDEG_DETAIL","Il grado massimo per ruotare la fotocamera su e giù.",""
"SETTINGS_ENABLEDOF","Applica effetto profondità di campo",""
"SETTINGS_MOVEMENTSPEED","Velocità di movimento",""
"SETTINGS_SPEEDUPFACTOR","Fattore di accelerazione per movimento/offset",""
"SETTINGS_INVERTROTATEHORIZONTAL","Inverti rotazione orizzontale",""
"SETTINGS_INVERTROTATEVERTICAL","Inverti rotazione verticale",""
"SETTINGS_ROTATESENSITIVITY","Sensibilità rotazione fotocamera",""
"SETTINGS_ROTATEKEYFACTOR","Velocità di rotazione tramite tasti",""
"SETTINGS_FIELDOFVIEW","Campo Visivo della Fotocamera",""
"SETTINGS_PATHS_DETECTION","Rilevamento collisione per percorsi pedonali",""
"SETTINGS_TRACKS_DETECTION","Rilevamento collisione per binari",""
"SETTINGS_DETECTIONS_DETAIL","Disabilitalo se non funziona bene con alcuni asset",""
"SETTINGS_SHOWCURSORFREE","Mostra cursore in modalità Fotocamera Libera",""
"SETTINGS_GROUNDCLIPING","Opzione adesione al suolo",""
"SETTINGS_GROUNDCLIPING_DETAIL","Per la Modalità Fotocamera Libera:
-[Nessuna] movimento libero
-[Sopra il suolo] la fotocamera è sempre sopra il suolo
-[Aggancia al suolo] la fotocamera aderisce al suolo
-[Sopra la strada] la fotocamera è sempre sopra la strada più vicina
-[Aggancia alla strada] la fotocamera aderisce alla strada più vicina o al suolo",""
"SETTINGS_GROUNDCLIPING_NONE","Nessuna",""
"SETTINGS_GROUNDCLIPING_ABOVE_GROUND","Sopra il suolo",""
"SETTINGS_GROUNDCLIPING_SNAP_TO_GROUND","Aggancia al suolo",""
"SETTINGS_GROUNDCLIPING_ABOVE_ROAD","Sopra la strada",""
"SETTINGS_GROUNDCLIPING_SNAP_TO_ROAD","Aggancia alla strada",""
"SETTINGS_GROUNDLEVELOFFSET","Offset livello del suolo",""
"SETTINGS_GROUNDLEVELOFFFSET_DETAIL","Offset verticale per il livello del suolo per l'opzione di adesione al suolo",""
"SETTINGS_ROADLEVELOFFSET","Offset livello della strada",""
"SETTINGS_ROADLEVELOFFSET_DETAIL","Offset verticale per il livello della strada per l'opzione di adesione al suolo",""
"SETTINGS_TARGETSTOFOLLOW","Obiettivi da seguire:",""
"SETTINGS_SHOWCURSORFOLLOW","Mostra cursore in modalità Segui/Passeggiata",""
"SETTINGS_STICKTOFRONTVEHICLE","Segui sempre il veicolo anteriore",""
"SETTINGS_OFFSETMOVEMENTSPEED","Velocità di movimento offset",""
"SETTINGS_FOLLOWCAMOFFSET","Offset fotocamera universale modalità Segui",""
"SETTINGS_VEHICLEFIXEDOFFERT","Offset fisso fotocamera per veicolo",""
"SETTINGS_MIDVEHFIXEDOFFSET","Offset fisso fotocamera per veicolo al centro",""
"SETTINGS_PEDSTRIANFIXEDOFFSET","Offset fisso fotocamera per pedone",""
"SETTINGS_PERIODWALK","Periodo per ogni obiettivo casuale",""
"SETTINGS_MANUALSWITCHWALK","Cambio manuale obiettivo (Click Secondario)",""
"SETTINGS_MANUALSWITCHWALK_DETAIL","Usa il clic secondario del mouse per cambiare i bersagli seguiti.",""
"SETTINGS_SELECTPEDESTRIAN","Pedoni in cammino",""
"SETTINGS_SELECTPASSENGER","Pedoni sui trasporti pubblici",""
"SETTINGS_SELECTWAITING","Pedoni in attesa dei trasporti pubblici",""
"SETTINGS_SELECTDRIVING","Cittadini alla guida/su un veicolo",""
"SETTINGS_SELECTPUBLICTRANSIT","Veicoli di trasporto pubblico",""
"SETTINGS_SELECTSERVICE","Veicoli di servizio",""
"SETTINGS_SELECTCARGO","Veicoli merci",""
"SETTINGS_SELECTOUTSIDE","Obiettivi fuori dal confine",""
"SETTINGS_KEYCAMTOGGLE","Modalità Fotocamera libera",""
"SETTINGS_KEYWALKTHRUTOGGLE","Modalità Attraversamento",""
"SETTINGS_KEYTOGGLE_DETAIL","Passa a questa modalità quando premuto. Se già attiva, disabilita la Fotocamera FPS",""
"SETTINGS_KEYFOLLOWTOGGLE","Modalità Segui: Attiva/Disattiva Vanilla/Mod",""
"SETTINGS_KEYFOLLOWTOGGLE_DETAIL","Passa tra la visuale di seguito vanilla e la modalità di seguito della mod",""
"SETTINGS_KEYINFOPANELTOGGLE","Attiva/Disattiva pannello informazioni",""
"SETTINGS_KEYSPPEDUP","Accelera movimento/spostamento",""
"SETTINGS_KEYCAMRESET","Reimposta spostamento e rotazione della fotocamera",""
"SETTINGS_KEYCURSORTOGGLE","Attiva/Disattiva visibilità cursore",""
"SETTINGS_KEYAUTOMOVE","Attiva/Disattiva movimento automatico in modalità Fotocamera libera",""
"SETTINGS_KEYAUTOMOVE_DETAIL","La fotocamera si muove in avanti automaticamente quando è attivata.",""
"SETTINGS_KEYSAVEFOFFSET","Salva impostazione tipo",""
"SETTINGS_KEYSAVEFOFFSET_DETAIL","In modalità Segui/Attraversamento, salva le impostazioni correnti di spostamento e rotazione della fotocamera
come impostazione tipo per il bersaglio seguito",""
"SETTINGS_KEYMOVEFORWARD","Muovi/Sposta in avanti",""
"SETTINGS_KEYMOVEBACKWARD","Muovi/Sposta indietro",""
"SETTINGS_KEYMOVELEFT","Muovi/Sposta a sinistra",""
"SETTINGS_KEYMOVERIFHT","Muovi/Sposta a destra",""
"SETTINGS_KEYMOVEUP","Muovi/Sposta in alto",""
"SETTINGS_KEYMOVEDOWN","Muovi/Sposta in basso",""
"SETTINGS_KEYROTATELEFT","Ruota/Guarda a sinistra",""
"SETTINGS_KEYROTATERIGHT","Ruota/Guarda a destra",""
"SETTINGS_KEYROTATEUP","Ruota/Guarda in alto",""
"SETTINGS_KEYROTATEDOWN","Ruota/Guarda in basso",""
"SETTINGS_KEYUUITOGGLE","Attiva/Disattiva pannello principale (richiede la mod UUI)",""
"SETTINGS_SMOOTRANSITION","Applica transizione fluida",""
"SETTINGS_SMOOTRANSITION_DETAIL","Quando la fotocamera si muove, ruota o zoomma, la transizione può essere fluida o istantanea.
Abilitare l'opzione può far sembrare la fotocamera in ritardo.",""
"SETTINGS_TRANSSPEED","Velocità transizione fluida",""
"SETTINGS_MINTRANSDISTANCE","Distanza minima per transizione fluida",""
"SETTINGS_MINTRANSDISTANCE_DETAIL","In modalità Segui, la fotocamera deve muoversi istantaneamente con il bersaglio anche quando la transizione fluida è abilitata.
Questo imposta la distanza minima per iniziare ad applicare la transizione fluida.",""
"SETTINGS_MAXTRANSDISTANCE","Distanza massima per transizione fluida",""
"SETTINGS_MAXTRANSDISTANCE_DETAIL","Quando la posizione del bersaglio della fotocamera è troppo lontana, la transizione fluida richiede troppo tempo.
Questo numero imposta la distanza per rinunciare alla transizione.",""
"SETTINGS_CAMNEARCLIPPLANE","Piano di taglio vicino della fotocamera",""
"SETTINGS_FOVIEWSCROLLFACTOR","Fattore di scala del campo visivo tramite scorrimento",""
"SETTINGS_FOVIEWSCROLLFACTOR_DETAIL","Regola la velocità di zoom della rotellina di scorrimento nella Fotocamera FPS",""
"SETTINGS_LODOPT","Livello di ottimizzazione LOD",""
"SETTINGS_LODOPT_DETAIL","Quando la Fotocamera FPS è abilitata:
-[Disabilitato] Disabilita l'ottimizzazione LOD
-[Basso] Ottimizza le distanze LOD solo per cittadini, veicoli, alberi e strade distanti
-[Medio] Ottimizza ulteriormente oggetti di scena e edifici distanti basandosi sul livello precedente
-[Alto] Riduce ulteriormente le distanze LOD basandosi sul livello precedente",""
"SETTINGS_SHADOWSOPT","Applica ottimizzazione distanza ombre",""
"SETTINGS_SHADOWSOPT_DETAIL","Quando la Fotocamera FPS è abilitata, esegue la regolazione della distanza delle ombre.",""
"VEHICLE_AITYPE_BUS","Autobus",""
"VEHICLE_AITYPE_TRAM","Tram",""
"VEHICLE_AITYPE_METRO","Metropolitana",""
"VEHICLE_AITYPE_TRAIN","Treno",""
"VEHICLE_AITYPE_FLIGHT","Aereo",""
"VEHICLE_AITYPE_BLIMP","Dirigibile",""
"VEHICLE_AITYPE_GONDOLA","Funivia",""
"VEHICLE_AITYPE_TROLLEYBUS","Filobus",""
"VEHICLE_AITYPE_FERRY","Traghetto",""
"VEHICLE_AITYPE_SHIP","Nave",""
"VEHICLE_AITYPE_HELICOPTER","Elicottero",""
"VEHICLE_AITYPE_MEDICAL","Medico",""
"VEHICLE_AITYPE_DISASTERRESPONSE","Soccorso disastri",""
"VEHICLE_AITYPE_FIREFIGHTING","Antincendio",""
"VEHICLE_AITYPE_POLICE","Polizia",""
"VEHICLE_AITYPE_GARBAGE","Rifiuti",""
"VEHICLE_AITYPE_DEATHCARE","Servizi funebri",""
"VEHICLE_AITYPE_MAINTENANCE","Manutenzione",""
"VEHICLE_AITYPE_POSTAL","Postale",""
"VEHICLE_AITYPE_SNOWPLOWING","Spalatura della neve",""
"VEHICLE_AITYPE_WATERPUMPING","Pompaggio dell'acqua",""
"VEHICLE_AITYPE_BANK","Banca",""
"VEHICLE_AITYPE_TAXI","Taxi",""
"UNKNOWN","(Sconosciuto)",""
"INVALID","(Non valido)",""
"INFO_HUMAN_OCCUPATION","Occupazione",""
"INFO_HUMAN_HOME","Casa",""
"INFO_HUMAN_HOMELESS","(Senza fissa dimora)",""
"INFO_HUMAN_HOTEL","Hotel",""
"INFO_VEHICLE_OWNER","Proprietario",""
"INFO_VEHICLE_LOAD","Carico",""
"INFO_VEHICLE_WORKSHIFT","Turno di lavoro",""
"INFO_VEHICLE_PUBLICTRANSIT_TRANSIT","Linea",""
"INFO_VEHICLE_PUBLICTRANSIT_IRREGULAR","(Irregolare)",""
"INFO_VEHICLE_PUBLICTRANSIT_PASSENGER","Passeggero",""
"INFO_VEHICLE_PUBLICTRANSIT_NEXTSTATIION","Prossima stazione",""
"INFO_VEHICLE_PUBLICTRANSIT_NEXTSTOP","Prossima fermata",""
"INFO_VEHICLE_SERVICE","Servizio",""
"INFO_DISTRICT","Distretto",""
"INFO_DLCDISTRICT_PARK","Parco",""
"INFO_DLCDISTRICT_INDUSTRY","Zona industriale",""
"INFO_DLCDISTRICT_CAMPUS","Zona del campus",""
"INFO_DLCDISTRICT_AIRPORT","Zona aeroportuale",""
"INFO_DLCDISTRICT_PEDZONE","Zona pedonale",""
"INFO_ROAD","Strada",""
"INFO_VSTATUS","Stato del veicolo",""
"INFO_TIME","Ora: ",""
"INFO_SLOPE","Pendenza: ",""
"INFO_NAME","Nome",""
"INFO_STATUS","Stato",""
"INFO_FOLLOW","Modalità Segui",""
"INFO_OFFSETSAVED","Impostazione del tipo salvata per ""{0}""",""
"INFO_RACE_EVENTROUTE","Percorso dell'evento",""
"INFO_RACE_DRIVER","Pilota",""
"INFO_RACE_TEAM","Squadra",""
"INFO_RACE_POS","Posizione",""
"INFO_RACE_PROGRESS","Progresso",""
"INFO_ACMEPOSSAVED","Posizione corrente salvata nello slot ACME {0}",""
"FOLLOWBTN_TOOLTIP","Avvia modalità Segui",""
"WALKTHRUBTN_TEXT","Avvia Passeggiata",""
"ALLSETTINGSBTN_TEXT","Tutte le impostazioni",""
"MAINPANELBTN_TOOLTIP","Telecamera FPS","That is the localized short name of this mod."
